Category	Term	Count	%	PValue	Genes	List Total	Pop Hits	Pop Total	Fold Enrichment	Bonferroni	Benjamini	FDR
KEGG_PATHWAY	mmu04710:Circadian rhythm	2	8.0	0.055020046419171284	11865, 12753	15	31	7691	33.07956989247312	0.921654004233906	0.921654004233906	41.26922364252403
KEGG_PATHWAY	mmu05219:Bladder cancer	2	8.0	0.07215985187462426	21825, 12575	15	41	7691	25.01138211382114	0.9656210796993578	0.814584465859405	50.55680172376118
