Category	Term	Count	%	PValue	Genes	List Total	Pop Hits	Pop Total	Fold Enrichment	Bonferroni	Benjamini	FDR
KEGG_PATHWAY	mmu04145:Phagosome	5	4.62962962962963	0.013685302322952302	21825, 22151, 21898, 22146, 13039	43	171	7691	5.22983816129471	0.7646967042154132	0.7646967042154132	14.302881280696432
KEGG_PATHWAY	mmu04066:HIF-1 signaling pathway	4	3.7037037037037033	0.017885058958554582	20848, 21898, 230899, 12575	43	102	7691	7.0141358869129045	0.8496707822969887	0.6122768801025514	18.30260169948844
KEGG_PATHWAY	mmu05205:Proteoglycans in cancer	5	4.62962962962963	0.024121133054706995	20848, 21825, 21898, 12575, 13039	43	203	7691	4.40543017527781	0.9229857847731722	0.5745417349539061	23.928661776234794
KEGG_PATHWAY	mmu05161:Hepatitis B	4	3.7037037037037033	0.04490702142412369	20848, 228607, 21898, 12575	43	146	7691	4.900286715514495	0.9919685585970829	0.7006368266979817	40.22955093202949
KEGG_PATHWAY	mmu04540:Gap junction	3	2.7777777777777777	0.07982130802218401	22151, 13489, 22146	43	86	7691	6.239318550567875	0.9998390918295873	0.8256926825068258	60.61567086131024
